Abram Falls,9212845378
Adam Phillips,8933241064
Adelaide Willard,4212728082
Adell Hastings,5839633858
Adolfo Tavares,8068772205
Agustin Delaney,8283124766
Akiko Quintanilla,6756913199
Alayna Belanger,1947984944
Albert Noland,2577683645
Alejandrina Carlisle,1937381438
Alex Rose,1924085533
Alfredo Christensen,9402373154
Alice Garcia,3605087776
Aline Fahey,9198858250
Allen Hauser,4483959737
Allen Kimbrell,3021845100
Allene Jarvis,1609143850
Allie Bethea,7422587798
Alline Whitley,2443304893
Alvina Mahon,8604820817
Amy Bryant,9493420807
Amy Ramsey,3666865092
Andrea Harris,1455137395
Anette Guyton,5839577515
Angel Bradley,4729957840
Angela Allen,9959067480
Angela Young,8339436547
Angelo Westfall,4856635469
Angelyn Tremblay,7232466110
Anita Bell,3010747131
Ann Chavez,4382585777
Anna Gonzalez,2277405384
Annabel Moye,1739020726
Annabelle Haugen,9507130175
Anne Clark,3110460480
Anthony Morey,7488658651
Antonietta Singletary,2339385928
Ariel Drew,3412062109
Arline Gilmore,2372402850
Armando Neal,2967782853
Arthur Grossman,1919047573
Ashley Navarrete,7454386920
Ashley Richardson,9735516420
Audie Tomlinson,8672183689
Audra Kovach,7694125537
Audrea Zielinski,3763152021
Audry Lowman,9698471172
Avril Baum,3438891551
Ayanna Quarles,1707444124
Belen Fleck,4715504358
Benito Mccray,6322921296
Bennie Walton,5428451665
Betty Rogers,5943394337
Beverly Brock,9667277470
Billy Wilson,7265694870
Birgit Naquin,4076325153
Blanca Wilkerson,5638756807
Blanche Park,5376344807
Bobby Marshall,9123136961
Bobette Brandon,5192066922
Bonnie Williams,3497201349
Bonny Greco,1826499265
Brenda Sanchez,1484253803
Brian Bailey,6681894538
Brooke Soto,3087378068
Bryant Weber,7426007684
Buford Cardoza,1623857884
Burt Shanks,6986846639
Burton Mcginnis,3993279730
Calvin Caldwell,9536291218
Carie Sneed,9356238648
Carl Henderson,1643755518
Carlena Roberge,2353716667
Carlos Perez,3226567871
Carmelita Barnard,8497449903
Carmella Beane,7400714517
Carolin Mccool,6772229513
Carylon Selby,4589415501
Cassi Cutler,9301782433
Cassondra Ybarra,9576421370
Catherine Bennett,3502236180
Cathi Conley,4811015256
Cedrick Lowry,9413290725
Celesta Mercier,8528700932
Celia Wong,6333132315
Chara Mcvey,2167126156
Charles Flores,9648055707
Charlesetta Blanchard,2095411059
Chas Lapointe,8663856667
Chauncey Cabrera,5756116717
Cheryl Roberts,8428603647
Chi Lim,5425796935
Chris Hughes,1386474074
Christi Damico,5643118527
Christinia Walden,1587016960
Christopher Thomas,8956058157
Clara Robbins,6245043366
Clarence Cook,2537406199
Clarine Parrish,1708838336
Clemencia Frame,8371597834
Cleora Gant,2244161675
Colene Colvin,8787212249
Coralee Sommer,6574031817
Cordia Gilliland,4286641319
Corinna Reeder,9248869414
Cristi Mcadams,4944111848
Cyndy Mojica,3950882548
Dalene Overby,1852901348
Daniel Carter,8293552654
Darlene Jordan,1580658969
David Ross,9449341901
Debra Nelson,1346552485
Delaine Dodge,4352276069
Delpha Vo,9619813079
Demetrius Alcorn,2836453688
Denae Bouchard,6854570454
Denise Richardson,7440329177
Denyse Frame,4235164413
Devon Gaddy,5211504182
Dianne Bennett,8753923922
Dierdre Amador,1657425715
Domitila Raney,2573740450
Donna Adams,3808141022
Donya Weldon,1447906423
Doreatha Ketchum,9547155614
Dorie Sloan,6479571684
Doris Martin,2895643497
Dorothy Turner,9540424325
Douglas Baker,2132398842
Dylan Ruffin,1377052081
Earl Foster,3111983265
Eartha Bible,2243576948
Ebony Estrada,7451574276
Eddie Carroll,4873948768
Edward Gray,3967868031
Elane Lemons,6009188404
Eleni Dickson,4999573590
Elias Rice,6650365185
Elisabeth Moya,6525090308
Elodia Heller,9216732013
Emerald Mcneal,9214563176
Emmanuel Berryman,3505294032
Enola Bundy,4263385708
Enrique Walters,4173678541
Epifania Sellers,6638630110
Eric Cooper,9121837863
Erika Moran,2892139677
Eryn Camp,1458008001
Estell Tapp,5244222147
Ethel Holt,8361265404
Eugene Murphy,8864339684
Evelyn Diaz,8695127395
Evita Leake,3462263327
Fallon Clements,8497311334
Felipe Bailey,5167523159
Felisha Emanuel,9798276586
Filomena Calvin,2486555050
Forest Schumacher,9916730239
Frances Edwards,5481789319
Francisca Levine,3284472107
Frank Russell,5029724687
Freddie Ball,4781314150
Fumiko Mayers,9524208225
Galen Morse,4403285837
Galen Troutman,6092300049
Galina Otoole,1505655231
Gema Napier,2420913114
George Jackson,9898730032
Gerald Dangelo,2684721069
Gerald Smith,6098753227
Gerard Greene,3958373772
German Benoit,2138488413
Gerry Corey,6643520366
Gigi Thayer,5685331932
Gloria Hawkins,3368611608
Gregory Collins,2683989646
Gretta Armstead,5863975353
Gwen Potter,9733560751
Hanna Blaine,7577346828
Hannah Townsend,1689551014
Harris Stockton,5744674672
Harrison Phelan,2429844019
Harry Hardy,8391670723
Heather Simmons,7109828045
Hedwig Peebles,3657634688
Heide Thurman,3390864739
Henry Jenkins,9604283843
Herschel Mclaurin,9479182021
Hollis Arellano,6576424868
Horace Alvarez,2987349554
Howard Bell,2785260897
Hoyt Bright,9749717952
Huong Nelms,8680259209
Hyman Holcombe,6840215512
Ignacio Paul,6563415345
Ila Negrete,5366451096
Ila Song,3434338467
Ines Hardwick,3413838315
Ingrid Huey,4467552403
Iris Schmidt,2258263733
Isa Shepard,8758777566
Ivana Pierson,3595477344
Jack Anderson,9379698572
Jacqueline Perry,2602274620
Jade Kramer,5578661732
Jamie Walker,8437142904
Janet Rodriguez,8428416586
Janetta Estes,4110756581
Janice Wright,7956724885
January Kimball,8452047642
Jason Hill,9017903551
Jason Stevenson,7273729987
Jaunita Laster,8455391125
Jay Gooch,3680486912
Jayna Haines,2795776940
Jazmin Nolen,9231022489
Jean Coleman,5709271423
Jeana Wills,7914130822
Jeffrey Rivera,1552476261
Jenice Ault,6403679792
Jenice Wentworth,9586424982
Jennie Mendez,3440817687
Jennifer Kelly,7829818342
Jerome Gordon,8358749670
Jerrica Mowery,1990302527
Jerry Ward,3351176395
Jessi Boynton,8081080257
Jessica Young,1537083256
Jesus Weiss,9708654478
Joan Stewart,9751121605
Joanne Diaz,3346795105
Joannie Sledge,7318676073
Joe Washington,2544953234
Joelle Alarcon,4630086506
John Moore,2313426677
Johnnie Joseph,9057400743
Johnny Sanders,5207685895
Jon Hale,1617314685
Jonathan Haynes,7220160359
Jonathan Ramirez,1930761717
Joni Griffis,2996456232
Jorge Turner,4756516933
Josefina Thomas,2608428022
Josie Word,4527841208
Josue Gracia,6486819807
Joy Hart,7554780002
Joyce James,3080639604
Judy Curry,1444900976
Julia Reed,4462383094
Julianna Harwell,9910706162
Justa Shumate,7618566344
Justin Parker,4753580100
Kali Logsdon,1980758613
Karey Trout,5340993764
Kari Green,6011169565
Karina Madsen,4547024392
Karlyn Jobe,1531643698
Karolyn Grimm,9738695896
Kary Coburn,3316205271
Katheleen Metcalf,1117908077
Katherine Lee,8375955233
Kathleen Miller,8246132440
Kathryn Barnes,3652648499
Keila Hardman,7789140781
Kelvin Bishop,2056007572
Kendal Biddle,6199568760
Kenneth Taylor,6386010179
Kenton Moniz,4556354839
Kerri Libby,7204634906
Keturah Webber,8624917403
Keva Kellum,8000624741
Kiara Selby,5353260252
Kiesha Whited,2966952115
Kiley Beeler,8794364416
Kurtis Eaton,9695849254
Lala Linn,9329410031
Lane Burt,4440248166
Lanita Martz,3406132382
Lashandra Kruger,4124281743
Latina Bartley,5495904186
Lavera Marcum,2830170357
Lawanna Willson,7535964539
Leah Larson,7803492586
Lecia Badger,6105387319
Leia Mosher,9871359757
Lekisha Boyle,3189611020
Leo Overton,9447404536
Leota Rooney,3783789436
Leslie Morton,2909940671
Leslie Stevens,7575249063
Lessie Pimentel,2387805057
Lester Rodgers,6817091724
Lewis Hunter,2963893199
Lilliam Halsey,2642476725
Lillian Torres,8888750790
Lindsey Andre,5619239224
Linsey Ferry,1863654498
Lisa Long,6345511707
Lisa Pope,4995741202
Lisbeth Wampler,7967099501
Lois Brown,5809462575
Loni Rushing,6116718796
Lora Massey,4180698356
Loralee Waugh,8667900061
Lori Davis,2464908432
Louise Powell,2062978982
Lucas Simon,2536474685
Lucille Freeman,9969920046
Lucinda Beckman,3646104444
Lucius Booth,9042323344
Lulu Dietrich,4622460129
Lyndsey Ralph,4306918071
Lynn Mullins,7761882418
Ma Whitson,8972169406
Maisha Bachman,7328484969
Malisa Wooldridge,9135561225
Mallory Mace,4593319315
Mao Berger,8991103127
Marcel Siegel,4318451440
Margaret Patterson,3932016755
Margit Markham,8765090700
Marianne Hines,3305458035
Maricela Paris,9723534353
Marie Martinez,4317761755
Mariko Fenton,2910286580
Marilyn Morgan,8716243794
Marisa Batson,1135968506
Mark Faulkner,9050734021
Martha Howard,6500693065
Marty Simmons,4160580381
Marvis Mulligan,7698511987
Marx Lau,6674076738
Mary Renner,3644049661
Mary Watson,1311830560
Mattie Kelly,9558889360
Maureen Stanley,4977872080
Maxine Goodman,7600888635
Maynard Champion,9908491776
Merrie Crist,2810862892
Merry Mayer,3735705914
Michael Morris,3266451402
Michelle Payne,5757816240
Miguel Howell,3153138868
Mike Becker,3610859490
Miki Simpkins,9499334308
Millie Espino,1158426106
Mimi Lemay,2273706748
Minnie Snyder,9651746446
Mitzi Cummins,2587660434
Miyoko Schwab,1665175649
Mohammad Maddox,4598857979
Morris Nash,2272770037
Moses Garza,3873444097
Nakesha Tilley,9394920297
Nancy Reed,2204459795
Narcisa Rowan,6344212339
Nella Guy,8440168379
Nelson Wheeler,7258319778
Nicolle Jacobson,6676729783
Nila Mcmahon,9949797869
Nola Canada,2203114950
Noriko Trudeau,6840812147
Norine Stafford,9151290846
Odessa Ouellette,7893518078
Ofelia Mccallister,6732157427
Ofelia Shearer,9333857643
Omar Harvey,9781918550
Onie Thrasher,9589491817
Oren Furman,5222108421
Orpha Krebs,3904196232
Osvaldo Boswell,5840081548
Otis Sutton,1308750837
Page Hagen,1592386341
Pamela Peterson,2379601455
Pansy Gage,5483775754
Patrica Monahan,6100292797
Patricia Mitchell,3297012962
Paul Johnson,2457056817
Pauletta Herbert,7890973659
Paulette Rivera,1154815962
Pearly Rea,2916745325
Peg Button,5426676026
Perla Amaral,5423898080
Peter Butler,8376255527
Phil Lucas,7036026471
Phillip Thompson,3482805838
Phyllis Adkins,5951423443
Phyllis Lopez,9058961297
Priscilla Cooper,1369208862
Quincy Hathaway,6490599547
Quintin Ibarra,3878592415
Quyen Fry,3184354717
Rachel Brooks,7847718605
Rae Massie,7010882580
Ralph Hall,2313072633
Randi Alves,4536184076
Randolph Ford,2589269014
Rashida Schwarz,4677820699
Raye Branch,4145230299
Raymond Griffin,5677109972
Rebecca Hayes,9577569041
Reda Castle,8920057472
Reginald Stewart,8462231727
Renita Stamm,6359016832
Ressie Rollins,2317949947
Reva Berg,9541629278
Reynalda Rosado,8124653950
Rhett Henley,3060506100
Ricardo Casey,9000771953
Richard Padilla,5986411936
Richard Wood,9116823969
Rigoberto Colburn,6727636541
Rina Spinks,4857516266
Rita Reese,9454577938
Rivka Mcarthur,3539915711
Robby Grove,4963706771
Robert Jones,5568650613
Roberta Cruz,1431677139
Rogelio Fuller,3569708772
Rosa Carter,4545607536
Rosalia Triplett,3687695636
Roy Price,3544868243
Ruby Scott,5704309142
Rufus Clark,7052932968
Russ Cates,2660642156
Russell Bagwell,4012826041
Ruth Green,8042650341
Sabina Davila,6325625175
Samuel Gonzales,7829103467
Sandra White,1218776904
Sanjuanita Paz,5522788974
Sara Walker,2741810421
Scott Rodriquez,7954477530
Sean Escobedo,4944356982
Shandra Haley,1287678525
Shaquana Beebe,8357344419
Sharlene Webber,3389115705
Sharonda Oden,5651606423
Shawanna Cotter,4293200026
Shawn Cox,1381283107
Sheldon Hubbard,9581741548
Sherell Wheaton,1295237467
Shery Martens,2232839472
Sommer Vallejo,2666020820
Song Mclendon,2912276140
Sparkle Kern,2644504141
Stephen Fletcher,6558232224
Stephen Robinson,8518263695
Stephnie Spriggs,7425037117
Steve Evans,6859648568
Steve Murphy,2629415199
Talia Blackman,1672555966
Tama Longo,2750035596
Tandra Ledbetter,5066604491
Tasha Brown,2247157759
Teena Colley,5390975220
Teodora Lara,3535538037
Teresia Rosas,7853174475
Teri Phillips,4504241002
Terrilyn Pak,6411289361
Terry Alexander,4748154517
Thao Delvalle,4632601850
Theo Strauss,9638650985
Theresa Malone,5042154127
Thomas Lewis,8207560187
Tiara Clanton,5738249792
Tiera Woodruff,7687813704
Timothy,9599475853
Tina Campbell,9123950733
Tish Blackwell,2454199581
Tod Loper,2267761846
Tonya Nelson,4285976068
Trista Cornell,8485068136
Tyree Wesley,2468467549
Tyree Yoo,8330537310
Tyrone Dawson,7913166271
Tyson Bradshaw,7046040378
Valorie Hutchings,7936653195
Vera Miles,8345435778
Vernia Franz,2778981063
Veta Fountain,8488827563
Vikki Frasier,3041715142
Vincenzo Lu,4561633693
Walter King,9264032782
Wanetta Baxley,9519689482
Wendie Nevarez,5288330474
Willie Hernandez,1458623868
Winfred Thibodeaux,4053776526
Xiomara Tuttle,9746287519
Yael Tanner,7748295156
Yang Diggs,5948252225
Yasuko Roman,9063469265
Yesenia Knox,3059885292
Yevette Fredericks,8000653071
Youlanda Penny,9532605332
Yulanda Gooch,8661314786
Zenaida Durant,8089185624
Zenia Novak,6089248482
Zina Christenson,9872103029
Zulema Martindale,6663020028